-- Seed data for LynqIQ Business Management System

-- Products
INSERT INTO products (id, user_id, name, category, cost_price, sell_price) VALUES
  ('a1b2c3d4-e5f6-7890-1234-567890abcdef', auth.uid(), 'Laptop #1', 'Electronics', 4500.00, 6500.00),
  ('b2c3d4e5-f6a7-8901-2345-67890abcdef1', auth.uid(), 'Smartphone #2', 'Electronics', 2500.00, 4000.00),
  ('c3d4e5f6-a7b8-9012-3456-7890abcdef12', auth.uid(), 'T-Shirt #3', 'Clothing', 500.00, 800.00),
  ('d4e5f6a7-b8c9-0123-4567-890abcdef123', auth.uid(), 'Novel #4', 'Books', 300.00, 500.00),
  ('e5f6a7b8-c9d0-1234-5678-90abcdef1234', auth.uid(), 'Lamp #5', 'Home Goods', 1200.00, 1800.00),
  ('f6a7b8c9-d0e1-2345-6789-0abcdef12345', auth.uid(), 'Apples #6', 'Groceries', 100.00, 150.00),
  ('a7b8c9d0-e1f2-3456-7890-1bcdef123456', auth.uid(), 'Action Figure #7', 'Toys', 400.00, 600.00),
  ('b8c9d0e1-f2a3-4567-8901-cdef12345678', auth.uid(), 'Basketball #8', 'Sports', 800.00, 1200.00),
  ('c9d0e1f2-a3b4-5678-9012-def123456789', auth.uid(), 'Headphones #9', 'Electronics', 1500.00, 2500.00),
  ('d0e1f2a3-b4c5-6789-0123-ef1234567890', auth.uid(), 'Jeans #10', 'Clothing', 1800.00, 2800.00),
  ('e1f2a3b4-c5d6-7890-1234-f12345678901', auth.uid(), 'History Book #11', 'Books', 450.00, 700.00),
  ('f2a3b4c5-d6e7-8901-2345-123456789012', auth.uid(), 'Chair #12', 'Home Goods', 3500.00, 5000.00),
  ('a3b4c5d6-e7f8-9012-3456-234567890123', auth.uid(), 'Bananas #13', 'Groceries', 80.00, 120.00),
  ('b4c5d6e7-f8a9-0123-4567-345678901234', auth.uid(), 'Doll #14', 'Toys', 600.00, 900.00),
  ('c5d6e7f8-a9b0-1234-5678-456789012345', auth.uid(), 'Football #15', 'Sports', 1000.00, 1500.00),
  ('d6e7f8a9-b0c1-2345-6789-567890123456', auth.uid(), 'Tablet #16', 'Electronics', 3500.00, 5500.00),
  ('e7f8a9b0-c1d2-3456-7890-678901234567', auth.uid(), 'Jacket #17', 'Clothing', 2500.00, 4000.00),
  ('f8a9b0c1-d2e3-4567-8901-789012345678', auth.uid(), 'Science Book #18', 'Books', 500.00, 800.00),
  ('a9b0c1d2-e3f4-5678-9012-890123456789', auth.uid(), 'Table #19', 'Home Goods', 6000.00, 9000.00),
  ('b0c1d2e3-f4a5-6789-0123-901234567890', auth.uid(), 'Milk #20', 'Groceries', 60.00, 90.00),
  ('c1d2e3f4-a5b6-7890-1234-012345678901', auth.uid(), 'Lego Set #21', 'Toys', 1200.00, 1800.00),
  ('d2e3f4a5-b6c7-8901-2345-123456789012', auth.uid(), 'Tennis Racket #22', 'Sports', 1500.00, 2500.00),
  ('e3f4a5b6-c7d8-9012-3456-234567890123', auth.uid(), 'Camera #23', 'Electronics', 5500.00, 8000.00),
  ('f4a5b6c7-d8e9-0123-4567-345678901234', auth.uid(), 'Socks #24', 'Clothing', 200.00, 350.00),
  ('a5b6c7d8-e9f0-1234-5678-456789012345', auth.uid(), 'Comic Book #25', 'Books', 150.00, 250.00),
  ('b6c7d8e9-f0a1-2345-6789-567890123456', auth.uid(), 'Rug #26', 'Home Goods', 2500.00, 4000.00),
  ('c7d8e9f0-a1b2-3456-7890-678901234567', auth.uid(), 'Bread #27', 'Groceries', 50.00, 80.00),
  ('d8e9f0a1-b2c3-4567-8901-789012345678', auth.uid(), 'Board Game #28', 'Toys', 1800.00, 2800.00),
  ('e9f0a1b2-c3d4-5678-9012-890123456789', auth.uid(), 'Yoga Mat #29', 'Sports', 800.00, 1200.00),
  ('f0a1b2c3-d4e5-6789-0123-901234567890', auth.uid(), 'Speaker #30', 'Electronics', 2200.00, 3500.00),
  ('a1b2c3d4-e5f6-7890-1234-567890abcde0', auth.uid(), 'Hat #31', 'Clothing', 600.00, 900.00),
  ('b2c3d4e5-f6a7-8901-2345-67890abcde1', auth.uid(), 'Cookbook #32', 'Books', 700.00, 1100.00),
  ('c3d4e5f6-a7b8-9012-3456-7890abcde12', auth.uid(), 'Vase #33', 'Home Goods', 900.00, 1400.00),
  ('d4e5f6a7-b8c9-0123-4567-890abcde123', auth.uid(), 'Eggs #34', 'Groceries', 120.00, 180.00),
  ('e5f6a7b8-c9d0-1234-5678-90abcde1234', auth.uid(), 'Puzzle #35', 'Toys', 500.00, 800.00),
  ('f6a7b8c9-d0e1-2345-6789-0abcde12345', auth.uid(), 'Dumbbells #36', 'Sports', 2500.00, 4000.00),
  ('a7b8c9d0-e1f2-3456-7890-1bcdef12345', auth.uid(), 'Monitor #37', 'Electronics', 7000.00, 10000.00),
  ('b8c9d0e1-f2a3-4567-8901-cdef1234567', auth.uid(), 'Dress #38', 'Clothing', 3500.00, 5500.00),
  ('c9d0e1f2-a3b4-5678-9012-def12345678', auth.uid(), 'Poetry Book #39', 'Books', 250.00, 400.00),
  ('d0e1f2a3-b4c5-6789-0123-ef123456789', auth.uid(), 'Mirror #40', 'Home Goods', 1800.00, 2800.00),
  ('e1f2a3b4-c5d6-7890-1234-f1234567890', auth.uid(), 'Cheese #41', 'Groceries', 300.00, 450.00),
  ('f2a3b4c5-d6e7-8901-2345-12345678901', auth.uid(), 'Stuffed Animal #42', 'Toys', 700.00, 1100.00),
  ('a3b4c5d6-e7f8-9012-3456-23456789012', auth.uid(), 'Running Shoes #43', 'Sports', 3000.00, 4500.00),
  ('b4c5d6e7-f8a9-0123-4567-34567890123', auth.uid(), 'Laptop #44', 'Electronics', 8000.00, 12000.00),
  ('c5d6e7f8-a9b0-1234-5678-45678901234', auth.uid(), 'Shorts #45', 'Clothing', 1200.00, 1800.00),
  ('d6e7f8a9-b0c1-2345-6789-56789012345', auth.uid(), 'Biography #46', 'Books', 600.00, 900.00),
  ('e7f8a9b0-c1d2-3456-7890-67890123456', auth.uid(), 'Clock #47', 'Home Goods', 700.00, 1100.00),
  ('f8a9b0c1-d2e3-4567-8901-78901234567', auth.uid(), 'Chicken #48', 'Groceries', 400.00, 600.00),
  ('a9b0c1d2-e3f4-5678-9012-89012345678', auth.uid(), 'Toy Car #49', 'Toys', 300.00, 500.00),
  ('b0c1d2e3-f4a5-6789-0123-90123456789', auth.uid(), 'Bicycle #50', 'Sports', 12000.00, 18000.00);

-- Customers
INSERT INTO customers (id, user_id, name, phone, address) VALUES
  ('a1b2c3d4-e5f6-7890-1234-567890abcdef', auth.uid(), 'Abir Hossain', '01712345678', 'Dhaka'),
  ('b2c3d4e5-f6a7-8901-2345-67890abcdef1', auth.uid(), 'Sadia Ahmed', '01812345678', 'Chittagong'),
  ('c3d4e5f6-a7b8-9012-3456-7890abcdef12', auth.uid(), 'Rahim Khan', '01912345678', 'Sylhet'),
  ('d4e5f6a7-b8c9-0123-4567-890abcdef123', auth.uid(), 'Karim Chowdhury', '01612345678', 'Rajshahi'),
  ('e5f6a7b8-c9d0-1234-5678-90abcdef1234', auth.uid(), 'Fatima Islam', '01512345678', 'Khulna'),
  ('f6a7b8c9-d0e1-2345-6789-0abcdef12345', auth.uid(), 'Ayesha Begum', '01412345678', 'Barisal'),
  ('a7b8c9d0-e1f2-3456-7890-1bcdef123456', auth.uid(), 'Imran Rahman', '01312345678', 'Rangpur'),
  ('b8c9d0e1-f2a3-4567-8901-cdef12345678', auth.uid(), 'Nadia Ali', '01212345678', 'Mymensingh'),
  ('c9d0e1f2-a3b4-5678-9012-def123456789', auth.uid(), 'Shakib Akter', '01112345678', 'Dhaka'),
  ('d0e1f2a3-b4c5-6789-0123-ef1234567890', auth.uid(), 'Tamim Hasan', '01012345678', 'Chittagong'),
  ('e1f2a3b4-c5d6-7890-1234-f12345678901', auth.uid(), 'Abir Khan', '01723456789', 'Sylhet'),
  ('f2a3b4c5-d6e7-8901-2345-123456789012', auth.uid(), 'Sadia Chowdhury', '01823456789', 'Rajshahi'),
  ('a3b4c5d6-e7f8-9012-3456-234567890123', auth.uid(), 'Rahim Islam', '01923456789', 'Khulna'),
  ('b4c5d6e7-f8a9-0123-4567-345678901234', auth.uid(), 'Karim Begum', '01623456789', 'Barisal'),
  ('c5d6e7f8-a9b0-1234-5678-456789012345', auth.uid(), 'Fatima Rahman', '01523456789', 'Rangpur'),
  ('d6e7f8a9-b0c1-2345-6789-567890123456', auth.uid(), 'Ayesha Ali', '01423456789', 'Mymensingh'),
  ('e7f8a9b0-c1d2-3456-7890-678901234567', auth.uid(), 'Imran Akter', '01323456789', 'Dhaka'),
  ('f8a9b0c1-d2e3-4567-8901-789012345678', auth.uid(), 'Nadia Hasan', '01223456789', 'Chittagong'),
  ('a9b0c1d2-e3f4-5678-9012-890123456789', auth.uid(), 'Shakib Hossain', '01123456789', 'Sylhet'),
  ('b0c1d2e3-f4a5-6789-0123-901234567890', auth.uid(), 'Tamim Ahmed', '01023456789', 'Rajshahi'),
  ('c1d2e3f4-a5b6-7890-1234-012345678901', auth.uid(), 'Abir Chowdhury', '01734567890', 'Khulna'),
  ('d2e3f4a5-b6c7-8901-2345-123456789012', auth.uid(), 'Sadia Islam', '01834567890', 'Barisal'),
  ('e3f4a5b6-c7d8-9012-3456-234567890123', auth.uid(), 'Rahim Begum', '01934567890', 'Rangpur'),
  ('f4a5b6c7-d8e9-0123-4567-345678901234', auth.uid(), 'Karim Rahman', '01634567890', 'Mymensingh'),
  ('a5b6c7d8-e9f0-1234-5678-456789012345', auth.uid(), 'Fatima Ali', '01534567890', 'Dhaka'),
  ('b6c7d8e9-f0a1-2345-6789-567890123456', auth.uid(), 'Ayesha Akter', '01434567890', 'Chittagong'),
  ('c7d8e9f0-a1b2-3456-7890-678901234567', auth.uid(), 'Imran Hasan', '01334567890', 'Sylhet'),
  ('d8e9f0a1-b2c3-4567-8901-789012345678', auth.uid(), 'Nadia Hossain', '01234567890', 'Rajshahi'),
  ('e9f0a1b2-c3d4-5678-9012-890123456789', auth.uid(), 'Shakib Ahmed', '01134567890', 'Khulna'),
  ('f0a1b2c3-d4e5-6789-0123-901234567890', auth.uid(), 'Tamim Khan', '01034567890', 'Barisal'),
  ('a1b2c3d4-e5f6-7890-1234-567890abcde0', auth.uid(), 'Abir Islam', '01745678901', 'Rangpur'),
  ('b2c3d4e5-f6a7-8901-2345-67890abcde1', auth.uid(), 'Sadia Begum', '01845678901', 'Mymensingh'),
  ('c3d4e5f6-a7b8-9012-3456-7890abcde12', auth.uid(), 'Rahim Rahman', '01945678901', 'Dhaka'),
  ('d4e5f6a7-b8c9-0123-4567-890abcde123', auth.uid(), 'Karim Ali', '01645678901', 'Chittagong'),
  ('e5f6a7b8-c9d0-1234-5678-90abcde1234', auth.uid(), 'Fatima Akter', '01545678901', 'Sylhet'),
  ('f6a7b8c9-d0e1-2345-6789-0abcde12345', auth.uid(), 'Ayesha Hasan', '01445678901', 'Rajshahi'),
  ('a7b8c9d0-e1f2-3456-7890-1bcdef12345', auth.uid(), 'Imran Hossain', '01345678901', 'Khulna'),
  ('b8c9d0e1-f2a3-4567-8901-cdef1234567', auth.uid(), 'Nadia Ahmed', '01245678901', 'Barisal'),
  ('c9d0e1f2-a3b4-5678-9012-def12345678', auth.uid(), 'Shakib Khan', '01145678901', 'Rangpur'),
  ('d0e1f2a3-b4c5-6789-0123-ef123456789', auth.uid(), 'Tamim Chowdhury', '01045678901', 'Mymensingh'),
  ('e1f2a3b4-c5d6-7890-1234-f1234567890', auth.uid(), 'Abir Begum', '01756789012', 'Dhaka'),
  ('f2a3b4c5-d6e7-8901-2345-12345678901', auth.uid(), 'Sadia Rahman', '01856789012', 'Chittagong'),
  ('a3b4c5d6-e7f8-9012-3456-23456789012', auth.uid(), 'Rahim Ali', '01956789012', 'Sylhet'),
  ('b4c5d6e7-f8a9-0123-4567-34567890123', auth.uid(), 'Karim Akter', '01656789012', 'Rajshahi'),
  ('c5d6e7f8-a9b0-1234-5678-45678901234', auth.uid(), 'Fatima Hasan', '01556789012', 'Khulna'),
  ('d6e7f8a9-b0c1-2345-6789-56789012345', auth.uid(), 'Ayesha Hossain', '01456789012', 'Barisal'),
  ('e7f8a9b0-c1d2-3456-7890-67890123456', auth.uid(), 'Imran Ahmed', '01356789012', 'Rangpur'),
  ('f8a9b0c1-d2e3-4567-8901-78901234567', auth.uid(), 'Nadia Khan', '01256789012', 'Mymensingh'),
  ('a9b0c1d2-e3f4-5678-9012-89012345678', auth.uid(), 'Shakib Chowdhury', '01156789012', 'Dhaka'),
  ('b0c1d2e3-f4a5-6789-0123-90123456789', auth.uid(), 'Tamim Islam', '01056789012', 'Chittagong');

-- Sales
INSERT INTO sales (id, user_id, date, customer_id, product_id, quantity, unit_price, total_amount, status) VALUES
  ('a1b2c3d4-e5f6-7890-1234-567890abcdef', auth.uid(), '2023-01-15', 'a1b2c3d4-e5f6-7890-1234-567890abcdef', 'a1b2c3d4-e5f6-7890-1234-567890abcdef', 2, 6500.00, 13000.00, 'completed'),
  ('b2c3d4e5-f6a7-8901-2345-67890abcdef1', auth.uid(), '2023-02-20', 'b2c3d4e5-f6a7-8901-2345-67890abcdef1', 'b2c3d4e5-f6a7-8901-2345-67890abcdef1', 1, 4000.00, 4000.00, 'completed'),
  ('c3d4e5f6-a7b8-9012-3456-7890abcdef12', auth.uid(), '2023-03-10', 'c3d4e5f6-a7b8-9012-3456-7890abcdef12', 'c3d4e5f6-a7b8-9012-3456-7890abcdef12', 5, 800.00, 4000.00, 'pending'),
  ('d4e5f6a7-b8c9-0123-4567-890abcdef123', auth.uid(), '2023-04-05', 'd4e5f6a7-b8c9-0123-4567-890abcdef123', 'd4e5f6a7-b8c9-0123-4567-890abcdef123', 3, 500.00, 1500.00, 'completed'),
  ('e5f6a7b8-c9d0-1234-5678-90abcdef1234', auth.uid(), '2023-05-25', 'e5f6a7b8-c9d0-1234-5678-90abcdef1234', 'e5f6a7b8-c9d0-1234-5678-90abcdef1234', 1, 1800.00, 1800.00, 'canceled'),
  ('f6a7b8c9-d0e1-2345-6789-0abcdef12345', auth.uid(), '2023-06-12', 'f6a7b8c9-d0e1-2345-6789-0abcdef12345', 'f6a7b8c9-d0e1-2345-6789-0abcdef12345', 4, 150.00, 600.00, 'completed'),
  ('a7b8c9d0-e1f2-3456-7890-1bcdef123456', auth.uid(), '2023-07-18', 'a7b8c9d0-e1f2-3456-7890-1bcdef123456', 'a7b8c9d0-e1f2-3456-7890-1bcdef123456', 2, 600.00, 1200.00, 'completed'),
  ('b8c9d0e1-f2a3-4567-8901-cdef12345678', auth.uid(), '2023-08-22', 'b8c9d0e1-f2a3-4567-8901-cdef12345678', 'b8c9d0e1-f2a3-4567-8901-cdef12345678', 1, 1200.00, 1200.00, 'completed'),
  ('c9d0e1f2-a3b4-5678-9012-def123456789', auth.uid(), '2023-09-30', 'c9d0e1f2-a3b4-5678-9012-def123456789', 'c9d0e1f2-a3b4-5678-9012-def123456789', 3, 2500.00, 7500.00, 'pending'),
  ('d0e1f2a3-b4c5-6789-0123-ef1234567890', auth.uid(), '2023-10-11', 'd0e1f2a3-b4c5-6789-0123-ef1234567890', 'd0e1f2a3-b4c5-6789-0123-ef1234567890', 2, 2800.00, 5600.00, 'completed'),
  ('e1f2a3b4-c5d6-7890-1234-f12345678901', auth.uid(), '2023-11-01', 'e1f2a3b4-c5d6-7890-1234-f12345678901', 'e1f2a3b4-c5d6-7890-1234-f12345678901', 1, 700.00, 700.00, 'completed'),
  ('f2a3b4c5-d6e7-8901-2345-123456789012', auth.uid(), '2023-12-09', 'f2a3b4c5-d6e7-8901-2345-123456789012', 'f2a3b4c5-d6e7-8901-2345-123456789012', 2, 5000.00, 10000.00, 'completed'),
  ('a3b4c5d6-e7f8-9012-3456-234567890123', auth.uid(), '2024-01-03', 'a3b4c5d6-e7f8-9012-3456-234567890123', 'a3b4c5d6-e7f8-9012-3456-234567890123', 4, 120.00, 480.00, 'completed'),
  ('b4c5d6e7-f8a9-0123-4567-345678901234', auth.uid(), '2024-02-14', 'b4c5d6e7-f8a9-0123-4567-345678901234', 'b4c5d6e7-f8a9-0123-4567-345678901234', 1, 900.00, 900.00, 'completed'),
  ('c5d6e7f8-a9b0-1234-5678-456789012345', auth.uid(), '2024-03-19', 'c5d6e7f8-a9b0-1234-5678-456789012345', 'c5d6e7f8-a9b0-1234-5678-456789012345', 2, 1500.00, 3000.00, 'canceled'),
  ('d6e7f8a9-b0c1-2345-6789-567890123456', auth.uid(), '2024-04-21', 'd6e7f8a9-b0c1-2345-6789-567890123456', 'd6e7f8a9-b0c1-2345-6789-567890123456', 1, 5500.00, 5500.00, 'completed'),
  ('e7f8a9b0-c1d2-3456-7890-678901234567', auth.uid(), '2024-05-08', 'e7f8a9b0-c1d2-3456-7890-678901234567', 'e7f8a9b0-c1d2-3456-7890-678901234567', 3, 4000.00, 12000.00, 'completed'),
  ('f8a9b0c1-d2e3-4567-8901-789012345678', auth.uid(), '2024-06-16', 'f8a9b0c1-d2e3-4567-8901-789012345678', 'f8a9b0c1-d2e3-4567-8901-789012345678', 2, 800.00, 1600.00, 'pending'),
  ('a9b0c1d2-e3f4-5678-9012-890123456789', auth.uid(), '2024-07-28', 'a9b0c1d2-e3f4-5678-9012-890123456789', 'a9b0c1d2-e3f4-5678-9012-890123456789', 1, 9000.00, 9000.00, 'completed'),
  ('b0c1d2e3-f4a5-6789-0123-901234567890', auth.uid(), '2024-08-02', 'b0c1d2e3-f4a5-6789-0123-901234567890', 'b0c1d2e3-f4a5-6789-0123-901234567890', 5, 90.00, 450.00, 'completed'),
  ('c1d2e3f4-a5b6-7890-1234-012345678901', auth.uid(), '2024-09-13', 'c1d2e3f4-a5b6-7890-1234-012345678901', 'c1d2e3f4-a5b6-7890-1234-012345678901', 2, 1800.00, 3600.00, 'completed'),
  ('d2e3f4a5-b6c7-8901-2345-123456789012', auth.uid(), '2024-10-25', 'd2e3f4a5-b6c7-8901-2345-123456789012', 'd2e3f4a5-b6c7-8901-2345-123456789012', 1, 2500.00, 2500.00, 'completed'),
  ('e3f4a5b6-c7d8-9012-3456-234567890123', auth.uid(), '2024-11-17', 'e3f4a5b6-c7d8-9012-3456-234567890123', 'e3f4a5b6-c7d8-9012-3456-234567890123', 3, 8000.00, 24000.00, 'pending'),
  ('f4a5b6c7-d8e9-0123-4567-345678901234', auth.uid(), '2024-12-29', 'f4a5b6c7-d8e9-0123-4567-345678901234', 'f4a5b6c7-d8e9-0123-4567-345678901234', 2, 350.00, 700.00, 'completed'),
  ('a5b6c7d8-e9f0-1234-5678-456789012345', auth.uid(), '2025-01-09', 'a5b6c7d8-e9f0-1234-5678-456789012345', 'a5b6c7d8-e9f0-1234-5678-456789012345', 1, 250.00, 250.00, 'completed'),
  ('b6c7d8e9-f0a1-2345-6789-567890123456', auth.uid(), '2025-02-18', 'b6c7d8e9-f0a1-2345-6789-567890123456', 'b6c7d8e9-f0a1-2345-6789-567890123456', 4, 4000.00, 16000.00, 'completed'),
  ('c7d8e9f0-a1b2-3456-7890-678901234567', auth.uid(), '2025-03-23', 'c7d8e9f0-a1b2-3456-7890-678901234567', 'c7d8e9f0-a1b2-3456-7890-678901234567', 2, 80.00, 160.00, 'completed'),
  ('d8e9f0a1-b2c3-4567-8901-789012345678', auth.uid(), '2025-04-01', 'd8e9f0a1-b2c3-4567-8901-789012345678', 'd8e9f0a1-b2c3-4567-8901-789012345678', 1, 2800.00, 2800.00, 'canceled'),
  ('e9f0a1b2-c3d4-5678-9012-890123456789', auth.uid(), '2025-05-14', 'e9f0a1b2-c3d4-5678-9012-890123456789', 'e9f0a1b2-c3d4-5678-9012-890123456789', 3, 1200.00, 3600.00, 'completed'),
  ('f0a1b2c3-d4e5-6789-0123-901234567890', auth.uid(), '2025-06-26', 'f0a1b2c3-d4e5-6789-0123-901234567890', 'f0a1b2c3-d4e5-6789-0123-901234567890', 2, 3500.00, 7000.00, 'completed'),
  ('a1b2c3d4-e5f6-7890-1234-567890abcde0', auth.uid(), '2025-07-07', 'a1b2c3d4-e5f6-7890-1234-567890abcde0', 'a1b2c3d4-e5f6-7890-1234-567890abcde0', 1, 900.00, 900.00, 'completed'),
  ('b2c3d4e5-f6a7-8901-2345-67890abcde1', auth.uid(), '2025-08-19', 'b2c3d4e5-f6a7-8901-2345-67890abcde1', 'b2c3d4e5-f6a7-8901-2345-67890abcde1', 4, 1100.00, 4400.00, 'pending'),
  ('c3d4e5f6-a7b8-9012-3456-7890abcde12', auth.uid(), '2025-09-04', 'c3d4e5f6-a7b8-9012-3456-7890abcde12', 'c3d4e5f6-a7b8-9012-3456-7890abcde12', 2, 1400.00, 2800.00, 'completed'),
  ('d4e5f6a7-b8c9-0123-4567-890abcde123', auth.uid(), '2025-10-23', 'd4e5f6a7-b8c9-0123-4567-890abcde123', 'd4e5f6a7-b8c9-0123-4567-890abcde123', 1, 180.00, 180.00, 'completed'),
  ('e5f6a7b8-c9d0-1234-5678-90abcde1234', auth.uid(), '2025-11-11', 'e5f6a7b8-c9d0-1234-5678-90abcde1234', 'e5f6a7b8-c9d0-1234-5678-90abcde1234', 3, 800.00, 2400.00, 'completed'),
  ('f6a7b8c9-d0e1-2345-6789-0abcde12345', auth.uid(), '2025-12-01', 'f6a7b8c9-d0e1-2345-6789-0abcde12345', 'f6a7b8c9-d0e1-2345-6789-0abcde12345', 2, 4000.00, 8000.00, 'completed'),
  ('a7b8c9d0-e1f2-3456-7890-1bcdef12345', auth.uid(), '2026-01-12', 'a7b8c9d0-e1f2-3456-7890-1bcdef12345', 'a7b8c9d0-e1f2-3456-7890-1bcdef12345', 1, 10000.00, 10000.00, 'completed'),
  ('b8c9d0e1-f2a3-4567-8901-cdef1234567', auth.uid(), '2026-02-22', 'b8c9d0e1-f2a3-4567-8901-cdef1234567', 'b8c9d0e1-f2a3-4567-8901-cdef1234567', 4, 5500.00, 22000.00, 'pending'),
  ('c9d0e1f2-a3b4-5678-9012-def12345678', auth.uid(), '2026-03-08', 'c9d0e1f2-a3b4-5678-9012-def12345678', 'c9d0e1f2-a3b4-5678-9012-def12345678', 2, 400.00, 800.00, 'completed'),
  ('d0e1f2a3-b4c5-6789-0123-ef123456789', auth.uid(), '2026-04-17', 'd0e1f2a3-b4c5-6789-0123-ef123456789', 'd0e1f2a3-b4c5-6789-0123-ef123456789', 1, 2800.00, 2800.00, 'completed'),
  ('e1f2a3b4-c5d6-7890-1234-f1234567890', auth.uid(), '2026-05-21', 'e1f2a3b4-c5d6-7890-1234-f1234567890', 'e1f2a3b4-c5d6-7890-1234-f1234567890', 3, 450.00, 1350.00, 'canceled'),
  ('f2a3b4c5-d6e7-8901-2345-12345678901', auth.uid(), '2026-06-30', 'f2a3b4c5-d6e7-8901-235-12345678901', 'f2a3b4c5-d6e7-8901-2345-12345678901', 2, 1100.00, 2200.00, 'completed'),
  ('a3b4c5d6-e7f8-9012-3456-23456789012', auth.uid(), '2026-07-05', 'a3b4c5d6-e7f8-9012-3456-23456789012', 'a3b4c5d6-e7f8-9012-3456-23456789012', 1, 4500.00, 4500.00, 'completed'),
  ('b4c5d6e7-f8a9-0123-4567-34567890123', auth.uid(), '2026-08-16', 'b4c5d6e7-f8a9-0123-4567-34567890123', 'b4c5d6e7-f8a9-0123-4567-34567890123', 4, 1800.00, 7200.00, 'completed'),
  ('c5d6e7f8-a9b0-1234-5678-45678901234', auth.uid(), '2026-09-24', 'c5d6e7f8-a9b0-1234-5678-45678901234', 'c5d6e7f8-a9b0-1234-5678-45678901234', 2, 900.00, 1800.00, 'pending'),
  ('d6e7f8a9-b0c1-2345-6789-56789012345', auth.uid(), '2026-10-02', 'd6e7f8a9-b0c1-2345-6789-56789012345', 'd6e7f8a9-b0c1-2345-6789-56789012345', 1, 1100.00, 1100.00, 'completed'),
  ('e7f8a9b0-c1d2-3456-7890-67890123456', auth.uid(), '2026-11-13', 'e7f8a9b0-c1d2-3456-7890-67890123456', 'e7f8a9b0-c1d2-3456-7890-67890123456', 3, 600.00, 1800.00, 'completed'),
  ('f8a9b0c1-d2e3-4567-8901-78901234567', auth.uid(), '2026-12-27', 'f8a9b0c1-d2e3-4567-8901-78901234567', 'f8a9b0c1-d2e3-4567-8901-78901234567', 2, 500.00, 1000.00, 'completed'),
  ('a9b0c1d2-e3f4-5678-9012-89012345678', auth.uid(), '2027-01-18', 'a9b0c1d2-e3f4-5678-9012-89012345678', 'a9b0c1d2-e3f4-5678-9012-89012345678', 1, 18000.00, 18000.00, 'completed');

-- Costs
INSERT INTO costs (id, user_id, date, category, amount, description) VALUES
  ('a1b2c3d4-e5f6-7890-1234-567890abcdef', auth.uid(), '2023-01-10', 'Marketing', 5000.00, 'Facebook Ads'),
  ('b2c3d4e5-f6a7-8901-2345-67890abcdef1', auth.uid(), '2023-02-15', 'Utilities', 2000.00, 'Electricity Bill'),
  ('c3d4e5f6-a7b8-9012-3456-7890abcdef12', auth.uid(), '2023-03-01', 'Salaries', 25000.00, 'Employee Salaries'),
  ('d4e5f6a7-b8c9-0123-4567-890abcdef123', auth.uid(), '2023-04-02', 'Rent', 15000.00, 'Office Rent'),
  ('e5f6a7b8-c9d0-1234-5678-90abcdef1234', auth.uid(), '2023-05-05', 'Software', 3000.00, 'Subscription Fees'),
  ('f6a7b8c9-d0e1-2345-6789-0abcdef12345', auth.uid(), '2023-06-20', 'Inventory', 10000.00, 'New Stock'),
  ('a7b8c9d0-e1f2-3456-7890-1bcdef123456', auth.uid(), '2023-07-12', 'Shipping', 4000.00, 'Customer Shipments'),
  ('b8c9d0e1-f2a3-4567-8901-cdef12345678', auth.uid(), '2023-08-28', 'Marketing', 6000.00, 'Google Ads'),
  ('c9d0e1f2-a3b4-5678-9012-def123456789', auth.uid(), '2023-09-05', 'Utilities', 2200.00, 'Internet Bill'),
  ('d0e1f2a3-b4c5-6789-0123-ef1234567890', auth.uid(), '2023-10-01', 'Salaries', 26000.00, 'Employee Salaries'),
  ('e1f2a3b4-c5d6-7890-1234-f12345678901', auth.uid(), '2023-11-02', 'Rent', 15000.00, 'Office Rent'),
  ('f2a3b4c5-d6e7-8901-2345-123456789012', auth.uid(), '2023-12-10', 'Software', 3200.00, 'Subscription Fees'),
  ('a3b4c5d6-e7f8-9012-3456-234567890123', auth.uid(), '2024-01-15', 'Inventory', 12000.00, 'New Stock'),
  ('b4c5d6e7-f8a9-0123-4567-345678901234', auth.uid(), '2024-02-18', 'Shipping', 4500.00, 'Customer Shipments'),
  ('c5d6e7f8-a9b0-1234-5678-456789012345', auth.uid(), '2024-03-25', 'Marketing', 5500.00, 'Social Media Campaign'),
  ('d6e7f8a9-b0c1-2345-6789-567890123456', auth.uid(), '2024-04-05', 'Utilities', 2100.00, 'Gas Bill'),
  ('e7f8a9b0-c1d2-3456-7890-678901234567', auth.uid(), '2024-05-01', 'Salaries', 27000.00, 'Employee Salaries'),
  ('f8a9b0c1-d2e3-4567-8901-789012345678', auth.uid(), '2024-06-02', 'Rent', 15000.00, 'Office Rent'),
  ('a9b0c1d2-e3f4-5678-9012-890123456789', auth.uid(), '2024-07-08', 'Software', 3500.00, 'Subscription Fees'),
  ('b0c1d2e3-f4a5-6789-0123-901234567890', auth.uid(), '2024-08-14', 'Inventory', 15000.00, 'New Stock'),
  ('c1d2e3f4-a5b6-7890-1234-012345678901', auth.uid(), '2024-09-20', 'Shipping', 5000.00, 'Customer Shipments'),
  ('d2e3f4a5-b6c7-8901-2345-123456789012', auth.uid(), '2024-10-28', 'Marketing', 6500.00, 'Influencer Campaign'),
  ('e3f4a5b6-c7d8-9012-3456-234567890123', auth.uid(), '2024-11-05', 'Utilities', 2300.00, 'Water Bill'),
  ('f4a5b6c7-d8e9-0123-4567-345678901234', auth.uid(), '2024-12-01', 'Salaries', 28000.00, 'Employee Salaries'),
  ('a5b6c7d8-e9f0-1234-5678-456789012345', auth.uid(), '2025-01-02', 'Rent', 15000.00, 'Office Rent'),
  ('b6c7d8e9-f0a1-2345-6789-567890123456', auth.uid(), '2025-02-11', 'Software', 3800.00, 'Subscription Fees'),
  ('c7d8e9f0-a1b2-3456-7890-678901234567', auth.uid(), '2025-03-18', 'Inventory', 18000.00, 'New Stock'),
  ('d8e9f0a1-b2c3-4567-8901-789012345678', auth.uid(), '2025-04-22', 'Shipping', 5500.00, 'Customer Shipments'),
  ('e9f0a1b2-c3d4-5678-9012-890123456789', auth.uid(), '2025-05-30', 'Marketing', 7000.00, 'Email Campaign'),
  ('f0a1b2c3-d4e5-6789-0123-901234567890', auth.uid(), '2025-06-05', 'Utilities', 2400.00, 'Phone Bill'),
  ('a1b2c3d4-e5f6-7890-1234-567890abcde0', auth.uid(), '2025-07-01', 'Salaries', 29000.00, 'Employee Salaries'),
  ('b2c3d4e5-f6a7-8901-2345-67890abcde1', auth.uid(), '2025-08-02', 'Rent', 15000.00, 'Office Rent'),
  ('c3d4e5f6-a7b8-9012-3456-7890abcde12', auth.uid(), '2025-09-09', 'Software', 4000.00, 'Subscription Fees'),
  ('d4e5f6a7-b8c9-0123-4567-890abcde123', auth.uid(), '2025-10-14', 'Inventory', 20000.00, 'New Stock'),
  ('e5f6a7b8-c9d0-1234-5678-90abcde1234', auth.uid(), '2025-11-23', 'Shipping', 6000.00, 'Customer Shipments'),
  ('f6a7b8c9-d0e1-2345-6789-0abcde12345', auth.uid(), '2025-12-28', 'Marketing', 7500.00, 'PPC Campaign'),
  ('a7b8c9d0-e1f2-3456-7890-1bcdef12345', auth.uid(), '2026-01-05', 'Utilities', 2500.00, 'Office Supplies'),
  ('b8c9d0e1-f2a3-4567-8901-cdef1234567', auth.uid(), '2026-02-01', 'Salaries', 30000.00, 'Employee Salaries'),
  ('c9d0e1f2-a3b4-5678-9012-def12345678', auth.uid(), '2026-03-02', 'Rent', 15000.00, 'Office Rent'),
  ('d0e1f2a3-b4c5-6789-0123-ef123456789', auth.uid(), '2026-04-11', 'Software', 4200.00, 'Subscription Fees'),
  ('e1f2a3b4-c5d6-7890-1234-f1234567890', auth.uid(), '2026-05-19', 'Inventory', 22000.00, 'New Stock'),
  ('f2a3b4c5-d6e7-8901-2345-12345678901', auth.uid(), '2026-06-25', 'Shipping', 6500.00, 'Customer Shipments'),
  ('a3b4c5d6-e7f8-9012-3456-23456789012', auth.uid(), '2026-07-30', 'Marketing', 8000.00, 'Content Marketing'),
  ('b4c5d6e7-f8a9-0123-4567-34567890123', auth.uid(), '2026-08-05', 'Utilities', 2600.00, 'Maintenance'),
  ('c5d6e7f8-a9b0-1234-5678-45678901234', auth.uid(), '2026-09-01', 'Salaries', 31000.00, 'Employee Salaries'),
  ('d6e7f8a9-b0c1-2345-6789-56789012345', auth.uid(), '2026-10-02', 'Rent', 15000.00, 'Office Rent'),
  ('e7f8a9b0-c1d2-3456-7890-67890123456', auth.uid(), '2026-11-08', 'Software', 4500.00, 'Subscription Fees'),
  ('f8a9b0c1-d2e3-4567-8901-78901234567', auth.uid(), '2026-12-15', 'Inventory', 25000.00, 'New Stock'),
  ('a9b0c1d2-e3f4-5678-9012-89012345678', auth.uid(), '2027-01-21', 'Shipping', 7000.00, 'Customer Shipments'),
  ('b0c1d2e3-f4a5-6789-0123-90123456789', auth.uid(), '2027-02-28', 'Marketing', 8500.00, 'SEO Services');
