-- Advanced seed data for LynqIQ Business Management System

-- Products
INSERT INTO products (id, user_id, name, category, cost_price, sell_price, stock_quantity) VALUES
  ('a1b2c3d4-e5f6-7890-1234-567890abcdef', auth.uid(), 'Cash Cow Laptop', 'Electronics', 3000.00, 7000.00, 100),
  ('b2c3d4e5-f6a7-8901-2345-67890abcdef1', auth.uid(), 'Struggling Smartphone', 'Electronics', 3500.00, 4000.00, 10),
  ('c3d4e5f6-a7b8-9012-3456-7890abcdef12', auth.uid(), 'Gold Standard T-Shirt', 'Clothing', 300.00, 1000.00, 200),
  ('d4e5f6a7-b8c9-0123-4567-890abcdef123', auth.uid(), 'Bargain Bin Novel', 'Books', 100.00, 150.00, 50),
  ('e5f6a7b8-c9d0-1234-5678-90abcdef1234', auth.uid(), 'Designer Lamp', 'Home Goods', 1500.00, 4000.00, 30),
  ('f6a7b8c9-d0e1-2345-6789-0abcdef12345', auth.uid(), 'Organic Apples', 'Groceries', 150.00, 250.00, 150),
  ('a7b8c9d0-e1f2-3456-7890-1bcdef123456', auth.uid(), 'Collectible Action Figure', 'Toys', 500.00, 1500.00, 25),
  ('b8c9d0e1-f2a3-4567-8901-cdef12345678', auth.uid(), 'Pro Basketball', 'Sports', 1000.00, 2500.00, 40),
  ('c9d0e1f2-a3b4-5678-9012-def123456789', auth.uid(), 'Noise-Cancelling Headphones', 'Electronics', 2000.00, 4000.00, 60),
  ('d0e1f2a3-b4c5-6789-0123-ef1234567890', auth.uid(), 'Vintage Jeans', 'Clothing', 2000.00, 4000.00, 20),
  ('e1f2a3b4-c5d6-7890-1234-f12345678901', auth.uid(), 'First Edition History Book', 'Books', 1000.00, 3000.00, 5),
  ('f2a3b4c5-d6e7-8901-2345-123456789012', auth.uid(), 'Ergonomic Chair', 'Home Goods', 5000.00, 10000.00, 15),
  ('a3b4c5d6-e7f8-9012-3456-234567890123', auth.uid(), 'Imported Bananas', 'Groceries', 100.00, 180.00, 100),
  ('b4c5d6e7-f8a9-0123-4567-345678901234', auth.uid(), 'Limited Edition Doll', 'Toys', 1000.00, 2500.00, 10),
  ('c5d6e7f8-a9b0-1234-5678-456789012345', auth.uid(), 'Signed Football', 'Sports', 2000.00, 5000.00, 2),
  ('d6e7f8a9-b0c1-2345-6789-567890123456', auth.uid(), 'Gaming Tablet', 'Electronics', 4000.00, 7000.00, 25),
  ('e7f8a9b0-c1d2-3456-7890-678901234567', auth.uid(), 'Leather Jacket', 'Clothing', 4000.00, 8000.00, 12),
  ('f8a9b0c1-d2e3-4567-8901-789012345678', auth.uid(), 'Illustrated Science Book', 'Books', 800.00, 1500.00, 30),
  ('a9b0c1d2-e3f4-5678-9012-890123456789', auth.uid(), 'Smart Table', 'Home Goods', 8000.00, 15000.00, 8),
  ('b0c1d2e3-f4a5-6789-0123-901234567890', auth.uid(), 'Artisanal Milk', 'Groceries', 80.00, 150.00, 80),
  ('c1d2e3f4-a5b6-7890-1234-012345678901', auth.uid(), 'Expert Lego Set', 'Toys', 2000.00, 4000.00, 18),
  ('d2e3f4a5-b6c7-8901-2345-123456789012', auth.uid(), 'Carbon Fiber Tennis Racket', 'Sports', 2500.00, 5000.00, 10),
  ('e3f4a5b6-c7d8-9012-3456-234567890123', auth.uid(), 'Professional Camera', 'Electronics', 8000.00, 15000.00, 7),
  ('f4a5b6c7-d8e9-0123-4567-345678901234', auth.uid(), 'Designer Socks', 'Clothing', 400.00, 800.00, 50),
  ('a5b6c7d8-e9f0-1234-5678-456789012345', auth.uid(), 'Hardcover Comic Book', 'Books', 300.00, 500.00, 40),
  ('b6c7d8e9-f0a1-2345-6789-567890123456', auth.uid(), 'Persian Rug', 'Home Goods', 5000.00, 12000.00, 5),
  ('c7d8e9f0-a1b2-3456-7890-678901234567', auth.uid(), 'Sourdough Bread', 'Groceries', 100.00, 180.00, 60),
  ('d8e9f0a1-b2c3-4567-8901-789012345678', auth.uid(), 'Strategy Board Game', 'Toys', 2500.00, 4500.00, 15),
  ('e9f0a1b2-c3d4-5678-9012-890123456789', auth.uid(), 'Eco-Friendly Yoga Mat', 'Sports', 1200.00, 2000.00, 35),
  ('f0a1b2c3-d4e5-6789-0123-901234567890', auth.uid(), 'Bluetooth Speaker', 'Electronics', 2500.00, 4500.00, 45),
  ('a1b2c3d4-e5f6-7890-1234-567890abcde0', auth.uid(), 'Fedora Hat', 'Clothing', 800.00, 1500.00, 28),
  ('b2c3d4e5-f6a7-8901-2345-67890abcde1a', auth.uid(), 'Gourmet Cookbook', 'Books', 1200.00, 2000.00, 22),
  ('c3d4e5f6-a7b8-9012-3456-7890abcde12b', auth.uid(), 'Antique Vase', 'Home Goods', 1200.00, 3000.00, 9),
  ('d4e5f6a7-b8c9-0123-4567-890abcde123c', auth.uid(), 'Free-Range Eggs', 'Groceries', 150.00, 250.00, 90),
  ('e5f6a7b8-c9d0-1234-5678-90abcde1234d', auth.uid(), '3D Puzzle', 'Toys', 800.00, 1500.00, 26),
  ('f6a7b8c9-d0e1-2345-6789-0abcde12345e', auth.uid(), 'Adjustable Dumbbells', 'Sports', 4000.00, 7000.00, 14),
  ('a7b8c9d0-e1f2-3456-7890-1bcdef12345f', auth.uid(), 'Ultrawide Monitor', 'Electronics', 10000.00, 18000.00, 6),
  ('b8c9d0e1-f2a3-4567-8901-cdef1234567a', auth.uid(), 'Silk Dress', 'Clothing', 5000.00, 10000.00, 11),
  ('c9d0e1f2-a3b4-5678-9012-def12345678b', auth.uid(), 'Coffee Table Book', 'Books', 500.00, 1000.00, 33),
  ('d0e1f2a3-b4c5-6789-0123-ef123456789c', auth.uid(), 'Full-Length Mirror', 'Home Goods', 2500.00, 4500.00, 16),
  ('e1f2a3b4-c5d6-7890-1234-f1234567890d', auth.uid(), 'Imported Cheese', 'Groceries', 400.00, 700.00, 40),
  ('f2a3b4c5-d6e7-8901-2345-12345678901e', auth.uid(), 'Giant Stuffed Animal', 'Toys', 1200.00, 2500.00, 13),
  ('a3b4c5d6-e7f8-9012-3456-23456789012f', auth.uid(), 'Trail Running Shoes', 'Sports', 3500.00, 6000.00, 19),
  ('b4c5d6e7-f8a9-0123-4567-34567890123a', auth.uid(), 'Ultrabook Laptop', 'Electronics', 9000.00, 15000.00, 9),
  ('c5d6e7f8-a9b0-1234-5678-45678901234b', auth.uid(), 'Linen Shorts', 'Clothing', 1500.00, 2500.00, 24),
  ('d6e7f8a9-b0c1-2345-6789-56789012345c', auth.uid(), 'Autobiography', 'Books', 800.00, 1200.00, 28),
  ('e7f8a9b0-c1d2-3456-7890-67890123456d', auth.uid(), 'Smart Clock', 'Home Goods', 1000.00, 1800.00, 21),
  ('f8a9b0c1-d2e3-4567-8901-78901234567e', auth.uid(), 'Organic Chicken', 'Groceries', 500.00, 800.00, 38),
  ('a9b0c1d2-e3f4-5678-9012-89012345678f', auth.uid(), 'Remote Control Car', 'Toys', 500.00, 900.00, 29),
  ('b0c1d2e3-f4a5-6789-0123-90123456789a', auth.uid(), 'Mountain Bicycle', 'Sports', 15000.00, 25000.00, 4);

-- Customers
INSERT INTO customers (id, user_id, name, phone, address) VALUES
  ('a1b2c3d4-e5f6-7890-1234-567890abcdef', auth.uid(), 'Loyal Customer', '01711111111', 'Dhaka'),
  ('b2c3d4e5-f6a7-8901-2345-67890abcdef1', auth.uid(), 'Big Spender', '01822222222', 'Chittagong'),
  ('c3d4e5f6-a7b8-9012-3456-7890abcdef12', auth.uid(), 'Churn Risk Customer', '01933333333', 'Sylhet'),
  ('d4e5f6a7-b8c9-0123-4567-890abcdef123', auth.uid(), 'New Customer', '01644444444', 'Rajshahi'),
  ('e5f6a7b8-c9d0-1234-5678-90abcdef1234', auth.uid(), 'Returning Customer', '01555555555', 'Khulna'),
  ('f6a7b8c9-d0e1-2345-6789-0abcdef12345', auth.uid(), 'High Value Customer', '01466666666', 'Barisal'),
  ('a7b8c9d0-e1f2-3456-7890-1bcdef123456', auth.uid(), 'Regular Customer', '01377777777', 'Rangpur'),
  ('b8c9d0e1-f2a3-4567-8901-cdef12345678', auth.uid(), 'Occasional Customer', '01288888888', 'Mymensingh'),
  ('c9d0e1f2-a3b4-5678-9012-def123456789', auth.uid(), 'Discount Hunter', '01199999999', 'Dhaka'),
  ('d0e1f2a3-b4c5-6789-0123-ef1234567890', auth.uid(), 'VIP Customer', '01000000000', 'Chittagong'),
  ('e1f2a3b4-c5d6-7890-1234-f12345678901', auth.uid(), 'Corporate Client', '01712345678', 'Dhaka'),
  ('f2a3b4c5-d6e7-8901-2345-123456789012', auth.uid(), 'Small Business Owner', '01812345678', 'Chittagong'),
  ('a3b4c5d6-e7f8-9012-3456-234567890123', auth.uid(), 'Student Customer', '01912345678', 'Sylhet'),
  ('b4c5d6e7-f8a9-0123-4567-345678901234', auth.uid(), 'Family Shopper', '01612345678', 'Rajshahi'),
  ('c5d6e7f8-a9b0-1234-5678-456789012345', auth.uid(), 'Tech Enthusiast', '01512345678', 'Khulna'),
  ('d6e7f8a9-b0c1-2345-6789-567890123456', auth.uid(), 'Fashionista', '01412345678', 'Barisal'),
  ('e7f8a9b0-c1d2-3456-7890-678901234567', auth.uid(), 'Bookworm', '01312345678', 'Rangpur'),
  ('f8a9b0c1-d2e3-4567-8901-789012345678', auth.uid(), 'Home Decorator', '01212345678', 'Mymensingh'),
  ('a9b0c1d2-e3f4-5678-9012-890123456789', auth.uid(), 'Health Nut', '01112345678', 'Dhaka'),
  ('b0c1d2e3-f4a5-6789-0123-901234567890', auth.uid(), 'Parent Shopper', '01012345678', 'Chittagong'),
  ('c1d2e3f4-a5b6-7890-1234-012345678901', auth.uid(), 'Athlete Customer', '01723456789', 'Sylhet'),
  ('d2e3f4a5-b6c7-8901-2345-123456789012', auth.uid(), 'Gamer Customer', '01823456789', 'Rajshahi'),
  ('e3f4a5b6-c7d8-9012-3456-234567890123', auth.uid(), 'Photographer Customer', '01923456789', 'Khulna'),
  ('f4a5b6c7-d8e9-0123-4567-345678901234', auth.uid(), 'Collector Customer', '01623456789', 'Barisal'),
  ('a5b6c7d8-e9f0-1234-5678-456789012345', auth.uid(), 'Budget Shopper', '01523456789', 'Rangpur'),
  ('b6c7d8e9-f0a1-2345-6789-567890123456', auth.uid(), 'Impulse Buyer', '01423456789', 'Mymensingh'),
  ('c7d8e9f0-a1b2-3456-7890-678901234567', auth.uid(), 'Window Shopper', '01323456789', 'Dhaka'),
  ('d8e9f0a1-b2c3-4567-8901-789012345678', auth.uid(), 'Researcher Customer', '01223456789', 'Chittagong'),
  ('e9f0a1b2-c3d4-5678-9012-890123456789', auth.uid(), 'Brand Loyalist', '01123456789', 'Sylhet'),
  ('f0a1b2c3-d4e5-6789-0123-901234567890', auth.uid(), 'Early Adopter', '01023456789', 'Rajshahi'),
  ('a1b2c3d4-e5f6-7890-1234-567890abcde0', auth.uid(), 'Late Bloomer', '01734567890', 'Khulna'),
  ('b2c3d4e5-f6a7-8901-2345-67890abcde1', auth.uid(), 'Seasonal Shopper', '01834567890', 'Barisal'),
  ('c3d4e5f6-a7b8-9012-3456-7890abcde12', auth.uid(), 'Gift Giver', '01934567890', 'Rangpur'),
  ('d4e5f6a7-b8c9-0123-4567-890abcde123', auth.uid(), 'B2B Customer', '01634567890', 'Mymensingh'),
  ('e5f6a7b8-c9d0-1234-5678-90abcde1234', auth.uid(), 'Government Customer', '01534567890', 'Dhaka'),
  ('f6a7b8c9-d0e1-2345-6789-0abcde12345', auth.uid(), 'Non-Profit Customer', '01434567890', 'Chittagong'),
  ('a7b8c9d0-e1f2-3456-7890-1bcdef12345', auth.uid(), 'International Customer', '01334567890', 'Sylhet'),
  ('b8c9d0e1-f2a3-4567-8901-cdef1234567', auth.uid(), 'Local Customer', '01234567890', 'Rajshahi'),
  ('c9d0e1f2-a3b4-5678-9012-def12345678', auth.uid(), 'Rural Customer', '01134567890', 'Khulna'),
  ('d0e1f2a3-b4c5-6789-0123-ef123456789', auth.uid(), 'Urban Customer', '01034567890', 'Barisal'),
  ('e1f2a3b4-c5d6-7890-1234-f1234567890', auth.uid(), 'Suburban Customer', '01745678901', 'Rangpur'),
  ('f2a3b4c5-d6e7-8901-2345-12345678901', auth.uid(), 'Millennial Customer', '01845678901', 'Mymensingh'),
  ('a3b4c5d6-e7f8-9012-3456-23456789012', auth.uid(), 'Gen Z Customer', '01945678901', 'Dhaka'),
  ('b4c5d6e7-f8a9-0123-4567-34567890123', auth.uid(), 'Baby Boomer Customer', '01645678901', 'Chittagong'),
  ('c5d6e7f8-a9b0-1234-5678-45678901234', auth.uid(), 'Gen X Customer', '01545678901', 'Sylhet'),
  ('d6e7f8a9-b0c1-2345-6789-56789012345', auth.uid(), 'Silent Generation Customer', '01445678901', 'Rajshahi'),
  ('e7f8a9b0-c1d2-3456-7890-67890123456', auth.uid(), 'High Income Customer', '01345678901', 'Khulna'),
  ('f8a9b0c1-d2e3-4567-8901-78901234567', auth.uid(), 'Middle Income Customer', '01245678901', 'Barisal'),
  ('a9b0c1d2-e3f4-5678-9012-89012345678', auth.uid(), 'Low Income Customer', '01145678901', 'Rangpur'),
  ('b0c1d2e3-f4a5-6789-0123-90123456789', auth.uid(), 'Blogger Customer', '01045678901', 'Mymensingh');

-- Costs
INSERT INTO costs (id, user_id, date, category, amount, description) VALUES
  ('a1b2c3d4-e5f6-7890-1234-567890abcdef', auth.uid(), '2024-01-10', 'Marketing', 20000.00, 'Marketing Blitz Campaign'),
  ('b2c3d4e5-f6a7-8901-2345-67890abcdef1', auth.uid(), '2024-02-15', 'Utilities', 3000.00, 'Increased Electricity Bill'),
  ('c3d4e5f6-a7b8-9012-3456-7890abcdef12', auth.uid(), '2024-03-01', 'Salaries', 30000.00, 'Annual Bonus'),
  ('d4e5f6a7-b8c9-0123-4567-890abcdef123', auth.uid(), '2024-04-02', 'Rent', 20000.00, 'Warehouse Rent'),
  ('e5f6a7b8-c9d0-1234-5678-90abcdef1234', auth.uid(), '2024-05-05', 'Software', 5000.00, 'New CRM Software'),
  ('f6a7b8c9-d0e1-2345-6789-0abcdef12345', auth.uid(), '2024-06-20', 'Inventory', 50000.00, 'Supply Chain Disruption Cost'),
  ('a7b8c9d0-e1f2-3456-7890-1bcdef123456', auth.uid(), '2024-07-12', 'Shipping', 6000.00, 'International Shipping'),
  ('b8c9d0e1-f2a3-4567-8901-cdef12345678', auth.uid(), '2024-08-28', 'Marketing', 8000.00, 'Holiday Season Campaign'),
  ('c9d0e1f2-a3b4-5678-9012-def123456789', auth.uid(), '2024-09-05', 'Utilities', 2500.00, 'Generator Fuel'),
  ('d0e1f2a3-b4c5-6789-0123-ef1234567890', auth.uid(), '2024-10-01', 'Salaries', 32000.00, 'New Hire'),
  ('e1f2a3b4-c5d6-7890-1234-f12345678901', auth.uid(), '2024-11-02', 'Rent', 20000.00, 'Warehouse Rent'),
  ('f2a3b4c5-d6e7-8901-2345-123456789012', auth.uid(), '2024-12-10', 'Software', 5500.00, 'Software Upgrade'),
  ('a3b4c5d6-e7f8-9012-3456-234567890123', auth.uid(), '2025-01-15', 'Inventory', 60000.00, 'Restocking for New Year'),
  ('b4c5d6e7-f8a9-0123-4567-345678901234', auth.uid(), '2025-02-18', 'Shipping', 7000.00, 'Bulk Shipments'),
  ('c5d6e7f8-a9b0-1234-5678-456789012345', auth.uid(), '2025-03-25', 'Marketing', 9000.00, 'Spring Sale Campaign'),
  ('d6e7f8a9-b0c1-2345-6789-567890123456', auth.uid(), '2025-04-05', 'Utilities', 2800.00, 'AC Maintenance'),
  ('e7f8a9b0-c1d2-3456-7890-678901234567', auth.uid(), '2025-05-01', 'Salaries', 35000.00, 'Salary Increments'),
  ('f8a9b0c1-d2e3-4567-8901-789012345678', auth.uid(), '2025-06-02', 'Rent', 20000.00, 'Warehouse Rent'),
  ('a9b0c1d2-e3f4-5678-9012-890123456789', auth.uid(), '2025-07-08', 'Software', 6000.00, 'New Analytics Tool'),
  ('b0c1d2e3-f4a5-6789-0123-901234567890', auth.uid(), '2025-08-14', 'Inventory', 70000.00, 'Pre-Holiday Stocking'),
  ('c1d2e3f4-a5b6-7890-1234-012345678901', auth.uid(), '2025-09-20', 'Shipping', 8000.00, 'Express Shipping Costs'),
  ('d2e3f4a5-b6c7-8901-2345-123456789012', auth.uid(), '2025-10-28', 'Marketing', 10000.00, 'Black Friday Campaign'),
  ('e3f4a5b6-c7d8-9012-3456-234567890123', auth.uid(), '2025-11-05', 'Utilities', 3200.00, 'Heater Maintenance'),
  ('f4a5b6c7-d8e9-0123-4567-345678901234', auth.uid(), '2025-12-01', 'Salaries', 38000.00, 'Holiday Bonus'),
  ('a5b6c7d8-e9f0-1234-5678-456789012345', auth.uid(), '2024-01-02', 'Rent', 20000.00, 'Warehouse Rent'),
  ('b6c7d8e9-f0a1-2345-6789-567890123456', auth.uid(), '2024-02-11', 'Software', 5200.00, 'Security Software'),
  ('c7d8e9f0-a1b2-3456-7890-678901234567', auth.uid(), '2024-03-18', 'Inventory', 55000.00, 'Special Order'),
  ('d8e9f0a1-b2c3-4567-8901-789012345678', auth.uid(), '2024-04-22', 'Shipping', 6500.00, 'Fragile Item Shipping'),
  ('e9f0a1b2-c3d4-5678-9012-890123456789', auth.uid(), '2024-05-30', 'Marketing', 12000.00, 'New Product Launch'),
  ('f0a1b2c3-d4e5-6789-0123-901234567890', auth.uid(), '2024-06-05', 'Utilities', 3000.00, 'Office Renovation'),
  ('a1b2c3d4-e5f6-7890-1234-567890abcde0', auth.uid(), '2024-07-01', 'Salaries', 33000.00, 'Mid-Year Bonus'),
  ('b2c3d4e5-f6a7-8901-2345-67890abcde1', auth.uid(), '2024-08-02', 'Rent', 20000.00, 'Warehouse Rent'),
  ('c3d4e5f6-a7b8-9012-3456-7890abcde12', auth.uid(), '2024-09-09', 'Software', 5800.00, 'Cloud Storage'),
  ('d4e5f6a7-b8c9-0123-4567-890abcde123', auth.uid(), '2024-10-14', 'Inventory', 65000.00, 'Seasonal Stock'),
  ('e5f6a7b8-c9d0-1234-5678-90abcde1234', auth.uid(), '2024-11-23', 'Shipping', 7500.00, 'International Express'),
  ('f6a7b8c9-d0e1-2345-6789-0abcde12345', auth.uid(), '2024-12-28', 'Marketing', 11000.00, 'Year-End Sale'),
  ('a7b8c9d0-e1f2-3456-7890-1bcdef12345', auth.uid(), '2025-01-05', 'Utilities', 3000.00, 'New Equipment'),
  ('b8c9d0e1-f2a3-4567-8901-cdef1234567', auth.uid(), '2025-02-01', 'Salaries', 36000.00, 'Salary Review'),
  ('c9d0e1f2-a3b4-5678-9012-def12345678', auth.uid(), '2025-03-02', 'Rent', 20000.00, 'Warehouse Rent'),
  ('d0e1f2a3-b4c5-6789-0123-ef123456789', auth.uid(), '2025-04-11', 'Software', 6200.00, 'Project Management Tool'),
  ('e1f2a3b4-c5d6-7890-1234-f1234567890', auth.uid(), '2025-05-19', 'Inventory', 75000.00, 'Summer Collection'),
  ('f2a3b4c5-d6e7-8901-2345-12345678901', auth.uid(), '2025-06-25', 'Shipping', 8500.00, 'Logistics Partner Fees'),
  ('a3b4c5d6-e7f8-9012-3456-23456789012', auth.uid(), '2025-07-30', 'Marketing', 13000.00, 'Brand Awareness Campaign'),
  ('b4c5d6e7-f8a9-0123-4567-34567890123', auth.uid(), '2025-08-05', 'Utilities', 3500.00, 'Office Expansion'),
  ('c5d6e7f8-a9b0-1234-5678-45678901234', auth.uid(), '2025-09-01', 'Salaries', 40000.00, 'Team Expansion'),
  ('d6e7f8a9-b0c1-2345-6789-56789012345', auth.uid(), '2025-10-02', 'Rent', 20000.00, 'Warehouse Rent'),
  ('e7f8a9b0-c1d2-3456-7890-67890123456', auth.uid(), '2025-11-08', 'Software', 6500.00, 'Accounting Software'),
  ('f8a9b0c1-d2e3-4567-8901-78901234567', auth.uid(), '2025-12-15', 'Inventory', 80000.00, 'Holiday Season Stock'),
  ('a9b0c1d2-e3f4-5678-9012-89012345678', auth.uid(), '2024-01-21', 'Shipping', 9000.00, 'International Shipping Fees'),
  ('b0c1d2e3-f4a5-6789-0123-90123456789', auth.uid(), '2024-02-28', 'Marketing', 15000.00, 'Valentine''s Day Campaign');

-- Sales
INSERT INTO sales (id, user_id, date, customer_id, product_id, quantity, unit_price, total_amount, status) VALUES
  ('a1b2c3d4-e5f6-7890-1234-567890abcdef', auth.uid(), '2024-01-15', 'a1b2c3d4-e5f6-7890-1234-567890abcdef', 'a1b2c3d4-e5f6-7890-1234-567890abcdef', 10, 7000.00, 70000.00, 'completed'),
  ('b2c3d4e5-f6a7-8901-2345-67890abcdef1', auth.uid(), '2024-02-20', 'b2c3d4e5-f6a7-8901-2345-67890abcdef1', 'b2c3d4e5-f6a7-8901-2345-67890abcdef1', 2, 4000.00, 8000.00, 'completed'),
  ('c3d4e5f6-a7b8-9012-3456-7890abcdef12', auth.uid(), '2024-03-10', 'c3d4e5f6-a7b8-9012-3456-7890abcdef12', 'c3d4e5f6-a7b8-9012-3456-7890abcdef12', 1, 1000.00, 1000.00, 'pending'),
  ('d4e5f6a7-b8c9-0123-4567-890abcdef123', auth.uid(), '2024-04-05', 'd4e5f6a7-b8c9-0123-4567-890abcdef123', 'd4e5f6a7-b8c9-0123-4567-890abcdef123', 5, 150.00, 750.00, 'completed'),
  ('e5f6a7b8-c9d0-1234-5678-90abcdef1234', auth.uid(), '2024-05-25', 'e5f6a7b8-c9d0-1234-5678-90abcdef1234', 'e5f6a7b8-c9d0-1234-5678-90abcdef1234', 3, 4000.00, 12000.00, 'canceled'),
  ('f6a7b8c9-d0e1-2345-6789-0abcdef12345', auth.uid(), '2024-06-12', 'f6a7b8c9-d0e1-2345-6789-0abcdef12345', 'f6a7b8c9-d0e1-2345-6789-0abcdef12345', 20, 250.00, 5000.00, 'completed'),
  ('a7b8c9d0-e1f2-3456-7890-1bcdef123456', auth.uid(), '2024-07-18', 'a7b8c9d0-e1f2-3456-7890-1bcdef123456', 'a7b8c9d0-e1f2-3456-7890-1bcdef123456', 5, 1500.00, 7500.00, 'completed'),
  ('b8c9d0e1-f2a3-4567-8901-cdef12345678', auth.uid(), '2024-08-22', 'b8c9d0e1-f2a3-4567-8901-cdef12345678', 'b8c9d0e1-f2a3-4567-8901-cdef12345678', 2, 2500.00, 5000.00, 'completed'),
  ('c9d0e1f2-a3b4-5678-9012-def123456789', auth.uid(), '2024-09-30', 'c9d0e1f2-a3b4-5678-9012-def123456789', 'c9d0e1f2-a3b4-5678-9012-def123456789', 1, 4000.00, 4000.00, 'pending'),
  ('d0e1f2a3-b4c5-6789-0123-ef1234567890', auth.uid(), '2024-10-11', 'd0e1f2a3-b4c5-6789-0123-ef1234567890', 'd0e1f2a3-b4c5-6789-0123-ef1234567890', 4, 4000.00, 16000.00, 'completed'),
  ('e1f2a3b4-c5d6-7890-1234-f12345678901', auth.uid(), '2024-11-01', 'e1f2a3b4-c5d6-7890-1234-f12345678901', 'e1f2a3b4-c5d6-7890-1234-f12345678901', 1, 3000.00, 3000.00, 'completed'),
  ('f2a3b4c5-d6e7-8901-2345-123456789012', auth.uid(), '2024-12-09', 'f2a3b4c5-d6e7-8901-2345-123456789012', 'f2a3b4c5-d6e7-8901-2345-123456789012', 2, 10000.00, 20000.00, 'completed'),
  ('a3b4c5d6-e7f8-9012-3456-234567890123', auth.uid(), '2025-01-03', 'a3b4c5d6-e7f8-9012-3456-234567890123', 'a3b4c5d6-e7f8-9012-3456-234567890123', 10, 180.00, 1800.00, 'completed'),
  ('b4c5d6e7-f8a9-0123-4567-345678901234', auth.uid(), '2025-02-14', 'b4c5d6e7-f8a9-0123-4567-345678901234', 'b4c5d6e7-f8a9-0123-4567-345678901234', 1, 2500.00, 2500.00, 'completed'),
  ('c5d6e7f8-a9b0-1234-5678-456789012345', auth.uid(), '2025-03-19', 'c5d6e7f8-a9b0-1234-5678-456789012345', 'c5d6e7f8-a9b0-1234-5678-456789012345', 1, 5000.00, 5000.00, 'canceled'),
  ('d6e7f8a9-b0c1-2345-6789-567890123456', auth.uid(), '2025-04-21', 'd6e7f8a9-b0c1-2345-6789-567890123456', 'd6e7f8a9-b0c1-2345-6789-567890123456', 2, 7000.00, 14000.00, 'completed'),
  ('e7f8a9b0-c1d2-3456-7890-678901234567', auth.uid(), '2025-05-08', 'e7f8a9b0-c1d2-3456-7890-678901234567', 'e7f8a9b0-c1d2-3456-7890-678901234567', 1, 8000.00, 8000.00, 'completed'),
  ('f8a9b0c1-d2e3-4567-8901-789012345678', auth.uid(), '2025-06-16', 'f8a9b0c1-d2e3-4567-8901-789012345678', 'f8a9b0c1-d2e3-4567-8901-789012345678', 3, 1500.00, 4500.00, 'pending'),
  ('a9b0c1d2-e3f4-5678-9012-890123456789', auth.uid(), '2025-07-28', 'a9b0c1d2-e3f4-5678-9012-890123456789', 'a9b0c1d2-e3f4-5678-9012-890123456789', 1, 15000.00, 15000.00, 'completed'),
  ('b0c1d2e3-f4a5-6789-0123-901234567890', auth.uid(), '2025-08-02', 'b0c1d2e3-f4a5-6789-0123-901234567890', 'b0c1d2e3-f4a5-6789-0123-901234567890', 30, 150.00, 4500.00, 'completed'),
  ('c1d2e3f4-a5b6-7890-1234-012345678901', auth.uid(), '2025-09-13', 'c1d2e3f4-a5b6-7890-1234-012345678901', 'c1d2e3f4-a5b6-7890-1234-012345678901', 2, 4000.00, 8000.00, 'completed'),
  ('d2e3f4a5-b6c7-8901-2345-123456789012', auth.uid(), '2025-10-25', 'd2e3f4a5-b6c7-8901-2345-123456789012', 'd2e3f4a5-b6c7-8901-2345-123456789012', 1, 5000.00, 5000.00, 'completed'),
  ('e3f4a5b6-c7d8-9012-3456-234567890123', auth.uid(), '2024-11-17', 'e3f4a5b6-c7d8-9012-3456-234567890123', 'e3f4a5b6-c7d8-9012-3456-234567890123', 1, 15000.00, 15000.00, 'pending'),
  ('f4a5b6c7-d8e9-0123-4567-345678901234', auth.uid(), '2024-12-29', 'f4a5b6c7-d8e9-0123-4567-345678901234', 'f4a5b6c7-d8e9-0123-4567-345678901234', 5, 800.00, 4000.00, 'completed'),
  ('a5b6c7d8-e9f0-1234-5678-456789012345', auth.uid(), '2024-01-09', 'a5b6c7d8-e9f0-1234-5678-456789012345', 'a5b6c7d8-e9f0-1234-5678-456789012345', 2, 500.00, 1000.00, 'completed'),
  ('b6c7d8e9-f0a1-2345-6789-567890123456', auth.uid(), '2024-02-18', 'b6c7d8e9-f0a1-2345-6789-567890123456', 'b6c7d8e9-f0a1-2345-6789-567890123456', 1, 12000.00, 12000.00, 'completed'),
  ('c7d8e9f0-a1b2-3456-7890-678901234567', auth.uid(), '2024-03-23', 'c7d8e9f0-a1b2-3456-7890-678901234567', 'c7d8e9f0-a1b2-3456-7890-678901234567', 10, 180.00, 1800.00, 'completed'),
  ('d8e9f0a1-b2c3-4567-8901-789012345678', auth.uid(), '2024-04-01', 'd8e9f0a1-b2c3-4567-8901-789012345678', 'd8e9f0a1-b2c3-4567-8901-789012345678', 1, 4500.00, 4500.00, 'canceled'),
  ('e9f0a1b2-c3d4-5678-9012-890123456789', auth.uid(), '2024-05-14', 'e9f0a1b2-c3d4-5678-9012-890123456789', 'e9f0a1b2-c3d4-5678-9012-890123456789', 2, 2000.00, 4000.00, 'completed'),
  ('f0a1b2c3-d4e5-6789-0123-901234567890', auth.uid(), '2024-06-26', 'f0a1b2c3-d4e5-6789-0123-901234567890', 'f0a1b2c3-d4e5-6789-0123-901234567890', 1, 4500.00, 4500.00, 'completed'),
  ('a1b2c3d4-e5f6-7890-1234-567890abcde0', auth.uid(), '2024-07-07', 'a1b2c3d4-e5f6-7890-1234-567890abcde0', 'a1b2c3d4-e5f6-7890-1234-567890abcde0', 3, 1500.00, 4500.00, 'completed'),
  ('b2c3d4e5-f6a7-8901-2345-67890abcde1', auth.uid(), '2024-08-19', 'b2c3d4e5-f6a7-8901-2345-67890abcde1', 'b2c3d4e5-f6a7-8901-2345-67890abcde1', 1, 2000.00, 2000.00, 'pending'),
  ('c3d4e5f6-a7b8-9012-3456-7890abcde12', auth.uid(), '2024-09-04', 'c3d4e5f6-a7b8-9012-3456-7890abcde12', 'c3d4e5f6-a7b8-9012-3456-7890abcde12', 2, 3000.00, 6000.00, 'completed'),
  ('d4e5f6a7-b8c9-0123-4567-890abcde123', auth.uid(), '2024-10-23', 'd4e5f6a7-b8c9-0123-4567-890abcde123', 'd4e5f6a7-b8c9-0123-4567-890abcde123', 4, 250.00, 1000.00, 'completed'),
  ('e5f6a7b8-c9d0-1234-5678-90abcde1234', auth.uid(), '2024-11-11', 'e5f6a7b8-c9d0-1234-5678-90abcde1234', 'e5f6a7b8-c9d0-1234-5678-90abcde1234', 1, 1500.00, 1500.00, 'completed'),
  ('f6a7b8c9-d0e1-2345-6789-0abcde12345', auth.uid(), '2024-12-01', 'f6a7b8c9-d0e1-2345-6789-0abcde12345', 'f6a7b8c9-d0e1-2345-6789-0abcde12345', 2, 7000.00, 14000.00, 'completed'),
  ('a7b8c9d0-e1f2-3456-7890-1bcdef12345', auth.uid(), '2025-01-12', 'a7b8c9d0-e1f2-3456-7890-1bcdef12345', 'a7b8c9d0-e1f2-3456-7890-1bcdef12345', 1, 18000.00, 18000.00, 'completed'),
  ('b8c9d0e1-f2a3-4567-8901-cdef1234567', auth.uid(), '2025-02-22', 'b8c9d0e1-f2a3-4567-8901-cdef1234567', 'b8c9d0e1-f2a3-4567-8901-cdef1234567', 2, 10000.00, 20000.00, 'pending'),
  ('c9d0e1f2-a3b4-5678-9012-def12345678', auth.uid(), '2025-03-08', 'c9d0e1f2-a3b4-5678-9012-def12345678', 'c9d0e1f2-a3b4-5678-9012-def12345678', 3, 1000.00, 3000.00, 'completed'),
  ('d0e1f2a3-b4c5-6789-0123-ef123456789', auth.uid(), '2025-04-17', 'd0e1f2a3-b4c5-6789-0123-ef123456789', 'd0e1f2a3-b4c5-6789-0123-ef123456789', 1, 4500.00, 4500.00, 'completed'),
  ('e1f2a3b4-c5d6-7890-1234-f1234567890', auth.uid(), '2025-05-21', 'e1f2a3b4-c5d6-7890-1234-f1234567890', 'e1f2a3b4-c5d6-7890-1234-f1234567890', 2, 700.00, 1400.00, 'canceled'),
  ('f2a3b4c5-d6e7-8901-2345-12345678901', auth.uid(), '2025-06-30', 'f2a3b4c5-d6e7-8901-2345-12345678901', 'f2a3b4c5-d6e7-8901-2345-12345678901', 1, 2500.00, 2500.00, 'completed'),
  ('a3b4c5d6-e7f8-9012-3456-23456789012', auth.uid(), '2025-07-05', 'a3b4c5d6-e7f8-9012-3456-23456789012', 'a3b4c5d6-e7f8-9012-3456-23456789012', 3, 6000.00, 18000.00, 'completed'),
  ('b4c5d6e7-f8a9-0123-4567-34567890123', auth.uid(), '2025-08-16', 'b4c5d6e7-f8a9-0123-4567-34567890123', 'b4c5d6e7-f8a9-0123-4567-34567890123', 1, 15000.00, 15000.00, 'completed'),
  ('c5d6e7f8-a9b0-1234-5678-45678901234', auth.uid(), '2025-09-24', 'c5d6e7f8-a9b0-1234-5678-45678901234', 'c5d6e7f8-a9b0-1234-5678-45678901234', 2, 2500.00, 5000.00, 'pending'),
  ('d6e7f8a9-b0c1-2345-6789-56789012345', auth.uid(), '2025-10-02', 'd6e7f8a9-b0c1-2345-6789-56789012345', 'd6e7f8a9-b0c1-2345-6789-56789012345', 1, 1800.00, 1800.00, 'completed'),
  ('e7f8a9b0-c1d2-3456-7890-67890123456', auth.uid(), '2024-11-13', 'e7f8a9b0-c1d2-3456-7890-67890123456', 'e7f8a9b0-c1d2-3456-7890-67890123456', 3, 800.00, 2400.00, 'completed'),
  ('f8a9b0c1-d2e3-4567-8901-78901234567', auth.uid(), '2024-12-27', 'f8a9b0c1-d2e3-4567-8901-78901234567', 'f8a9b0c1-d2e3-4567-8901-78901234567', 2, 900.00, 1800.00, 'completed'),
  ('a9b0c1d2-e3f4-5678-9012-89012345678', auth.uid(), '2024-01-18', 'a9b0c1d2-e3f4-5678-9012-89012345678', 'a9b0c1d2-e3f4-5678-9012-89012345678', 1, 25000.00, 25000.00, 'completed');
